;400x7Networks_LH_Vis_1
;400x7Networks_LH_Vis_2
;400x7Networks_LH_Vis_3
;400x7Networks_LH_Vis_4
;400x7Networks_LH_Vis_5
;400x7Networks_LH_Vis_6
;400x7Networks_LH_Vis_7
;400x7Networks_LH_Vis_8
;400x7Networks_LH_Vis_9
;400x7Networks_LH_Vis_10
;400x7Networks_LH_Vis_11
;400x7Networks_LH_Vis_12
;400x7Networks_LH_Vis_13
;400x7Networks_LH_Vis_14
;400x7Networks_LH_Vis_15
;400x7Networks_LH_Vis_16
;400x7Networks_LH_Vis_17
;400x7Networks_LH_Vis_18
;400x7Networks_LH_Vis_19
;400x7Networks_LH_Vis_20
;400x7Networks_LH_Vis_21
;400x7Networks_LH_Vis_22
;400x7Networks_LH_Vis_23
;400x7Networks_LH_Vis_24
;400x7Networks_LH_Vis_25
;400x7Networks_LH_Vis_26
;400x7Networks_LH_Vis_27
;400x7Networks_LH_Vis_28
;400x7Networks_LH_Vis_29
;400x7Networks_LH_Vis_30
;400x7Networks_LH_Vis_31
;400x7Networks_LH_SomMot_1
;400x7Networks_LH_SomMot_2
;400x7Networks_LH_SomMot_3
;400x7Networks_LH_SomMot_4
;400x7Networks_LH_SomMot_5
;400x7Networks_LH_SomMot_6
;400x7Networks_LH_SomMot_7
;400x7Networks_LH_SomMot_8
;400x7Networks_LH_SomMot_9
;400x7Networks_LH_SomMot_10
;400x7Networks_LH_SomMot_11
;400x7Networks_LH_SomMot_12
;400x7Networks_LH_SomMot_13
;400x7Networks_LH_SomMot_14
;400x7Networks_LH_SomMot_15
;400x7Networks_LH_SomMot_16
;400x7Networks_LH_SomMot_17
;400x7Networks_LH_SomMot_18
;400x7Networks_LH_SomMot_19
;400x7Networks_LH_SomMot_20
;400x7Networks_LH_SomMot_21
;400x7Networks_LH_SomMot_22
;400x7Networks_LH_SomMot_23
;400x7Networks_LH_SomMot_24
;400x7Networks_LH_SomMot_25
;400x7Networks_LH_SomMot_26
;400x7Networks_LH_SomMot_27
;400x7Networks_LH_SomMot_28
;400x7Networks_LH_SomMot_29
;400x7Networks_LH_SomMot_30
;400x7Networks_LH_SomMot_31
;400x7Networks_LH_SomMot_32
;400x7Networks_LH_SomMot_33
;400x7Networks_LH_SomMot_34
;400x7Networks_LH_SomMot_35
;400x7Networks_LH_SomMot_36
;400x7Networks_LH_SomMot_37
;400x7Networks_LH_DorsAttn_Post_1
;400x7Networks_LH_DorsAttn_Post_2
;400x7Networks_LH_DorsAttn_Post_3
;400x7Networks_LH_DorsAttn_Post_4
;400x7Networks_LH_DorsAttn_Post_5
;400x7Networks_LH_DorsAttn_Post_6
;400x7Networks_LH_DorsAttn_Post_7
;400x7Networks_LH_DorsAttn_Post_8
;400x7Networks_LH_DorsAttn_Post_9
;400x7Networks_LH_DorsAttn_Post_10
;400x7Networks_LH_DorsAttn_Post_11
;400x7Networks_LH_DorsAttn_Post_12
;400x7Networks_LH_DorsAttn_Post_13
;400x7Networks_LH_DorsAttn_Post_14
;400x7Networks_LH_DorsAttn_Post_15
;400x7Networks_LH_DorsAttn_Post_16
;400x7Networks_LH_DorsAttn_Post_17
;400x7Networks_LH_DorsAttn_FEF_1
;400x7Networks_LH_DorsAttn_FEF_2
;400x7Networks_LH_DorsAttn_FEF_3
;400x7Networks_LH_DorsAttn_FEF_4
;400x7Networks_LH_DorsAttn_PrCv_1
;400x7Networks_LH_DorsAttn_PrCv_2
;400x7Networks_LH_SalVentAttn_ParOper_1
;400x7Networks_LH_SalVentAttn_ParOper_2
;400x7Networks_LH_SalVentAttn_ParOper_3
;400x7Networks_LH_SalVentAttn_ParOper_4
;400x7Networks_LH_SalVentAttn_TempOcc_1
;400x7Networks_LH_SalVentAttn_FrOperIns_1
;400x7Networks_LH_SalVentAttn_FrOperIns_2
;400x7Networks_LH_SalVentAttn_FrOperIns_3
;400x7Networks_LH_SalVentAttn_FrOperIns_4
;400x7Networks_LH_SalVentAttn_FrOperIns_5
;400x7Networks_LH_SalVentAttn_FrOperIns_6
;400x7Networks_LH_SalVentAttn_FrOperIns_7
;400x7Networks_LH_SalVentAttn_FrOperIns_8
;400x7Networks_LH_SalVentAttn_FrOperIns_9
;400x7Networks_LH_SalVentAttn_PFCl_1
;400x7Networks_LH_SalVentAttn_Med_1
;400x7Networks_LH_SalVentAttn_Med_2
;400x7Networks_LH_SalVentAttn_Med_3
;400x7Networks_LH_SalVentAttn_Med_4
;400x7Networks_LH_SalVentAttn_Med_5
;400x7Networks_LH_SalVentAttn_Med_6
;400x7Networks_LH_SalVentAttn_Med_7
;400x7Networks_LH_Limbic_OFC_1
;400x7Networks_LH_Limbic_OFC_2
;400x7Networks_LH_Limbic_OFC_3
;400x7Networks_LH_Limbic_OFC_4
;400x7Networks_LH_Limbic_OFC_5
;400x7Networks_LH_Limbic_TempPole_1
;400x7Networks_LH_Limbic_TempPole_2
;400x7Networks_LH_Limbic_TempPole_3
;400x7Networks_LH_Limbic_TempPole_4
;400x7Networks_LH_Limbic_TempPole_5
;400x7Networks_LH_Limbic_TempPole_6
;400x7Networks_LH_Limbic_TempPole_7
;400x7Networks_LH_Limbic_TempPole_8
;400x7Networks_LH_Cont_Par_1
;400x7Networks_LH_Cont_Par_2
;400x7Networks_LH_Cont_Par_3
;400x7Networks_LH_Cont_Par_4
;400x7Networks_LH_Cont_Par_5
;400x7Networks_LH_Cont_Par_6
;400x7Networks_LH_Cont_Temp_1
;400x7Networks_LH_Cont_OFC_1
;400x7Networks_LH_Cont_PFCl_1
;400x7Networks_LH_Cont_PFCl_2
;400x7Networks_LH_Cont_PFCl_3
;400x7Networks_LH_Cont_PFCl_4
;400x7Networks_LH_Cont_PFCl_5
;400x7Networks_LH_Cont_PFCl_6
;400x7Networks_LH_Cont_PFCl_7
;400x7Networks_LH_Cont_PFCl_8
;400x7Networks_LH_Cont_PFCv_1
;400x7Networks_LH_Cont_pCun_1
;400x7Networks_LH_Cont_pCun_2
;400x7Networks_LH_Cont_Cing_1
;400x7Networks_LH_Cont_Cing_2
;400x7Networks_LH_Cont_PFCmp_1
;400x7Networks_LH_Default_Temp_1
;400x7Networks_LH_Default_Temp_2
;400x7Networks_LH_Default_Temp_3
;400x7Networks_LH_Default_Temp_4
;400x7Networks_LH_Default_Temp_5
;400x7Networks_LH_Default_Temp_6
;400x7Networks_LH_Default_Temp_7
;400x7Networks_LH_Default_Temp_8
;400x7Networks_LH_Default_Temp_9
;400x7Networks_LH_Default_Temp_10
;400x7Networks_LH_Default_Par_1
;400x7Networks_LH_Default_Par_2
;400x7Networks_LH_Default_Par_3
;400x7Networks_LH_Default_Par_4
;400x7Networks_LH_Default_Par_5
;400x7Networks_LH_Default_Par_6
;400x7Networks_LH_Default_Par_7
;400x7Networks_LH_Default_PFC_1
;400x7Networks_LH_Default_PFC_2
;400x7Networks_LH_Default_PFC_3
;400x7Networks_LH_Default_PFC_4
;400x7Networks_LH_Default_PFC_5
;400x7Networks_LH_Default_PFC_6
;400x7Networks_LH_Default_PFC_7
;400x7Networks_LH_Default_PFC_8
;400x7Networks_LH_Default_PFC_9
;400x7Networks_LH_Default_PFC_10
;400x7Networks_LH_Default_PFC_11
;400x7Networks_LH_Default_PFC_12
;400x7Networks_LH_Default_PFC_13
;400x7Networks_LH_Default_PFC_14
;400x7Networks_LH_Default_PFC_15
;400x7Networks_LH_Default_PFC_16
;400x7Networks_LH_Default_PFC_17
;400x7Networks_LH_Default_PFC_18
;400x7Networks_LH_Default_PFC_19
;400x7Networks_LH_Default_PFC_20
;400x7Networks_LH_Default_PFC_21
;400x7Networks_LH_Default_PFC_22
;400x7Networks_LH_Default_PFC_23
;400x7Networks_LH_Default_PFC_24
;400x7Networks_LH_Default_pCunPCC_1
;400x7Networks_LH_Default_pCunPCC_2
;400x7Networks_LH_Default_pCunPCC_3
;400x7Networks_LH_Default_pCunPCC_4
;400x7Networks_LH_Default_pCunPCC_5
;400x7Networks_LH_Default_pCunPCC_6
;400x7Networks_LH_Default_pCunPCC_7
;400x7Networks_LH_Default_pCunPCC_8
;400x7Networks_LH_Default_pCunPCC_9
;400x7Networks_LH_Default_pCunPCC_10
;400x7Networks_LH_Default_pCunPCC_11
;400x7Networks_RH_Vis_1
;400x7Networks_RH_Vis_2
;400x7Networks_RH_Vis_3
;400x7Networks_RH_Vis_4
;400x7Networks_RH_Vis_5
;400x7Networks_RH_Vis_6
;400x7Networks_RH_Vis_7
;400x7Networks_RH_Vis_8
;400x7Networks_RH_Vis_9
;400x7Networks_RH_Vis_10
;400x7Networks_RH_Vis_11
;400x7Networks_RH_Vis_12
;400x7Networks_RH_Vis_13
;400x7Networks_RH_Vis_14
;400x7Networks_RH_Vis_15
;400x7Networks_RH_Vis_16
;400x7Networks_RH_Vis_17
;400x7Networks_RH_Vis_18
;400x7Networks_RH_Vis_19
;400x7Networks_RH_Vis_20
;400x7Networks_RH_Vis_21
;400x7Networks_RH_Vis_22
;400x7Networks_RH_Vis_23
;400x7Networks_RH_Vis_24
;400x7Networks_RH_Vis_25
;400x7Networks_RH_Vis_26
;400x7Networks_RH_Vis_27
;400x7Networks_RH_Vis_28
;400x7Networks_RH_Vis_29
;400x7Networks_RH_Vis_30
;400x7Networks_RH_SomMot_1
;400x7Networks_RH_SomMot_2
;400x7Networks_RH_SomMot_3
;400x7Networks_RH_SomMot_4
;400x7Networks_RH_SomMot_5
;400x7Networks_RH_SomMot_6
;400x7Networks_RH_SomMot_7
;400x7Networks_RH_SomMot_8
;400x7Networks_RH_SomMot_9
;400x7Networks_RH_SomMot_10
;400x7Networks_RH_SomMot_11
;400x7Networks_RH_SomMot_12
;400x7Networks_RH_SomMot_13
;400x7Networks_RH_SomMot_14
;400x7Networks_RH_SomMot_15
;400x7Networks_RH_SomMot_16
;400x7Networks_RH_SomMot_17
;400x7Networks_RH_SomMot_18
;400x7Networks_RH_SomMot_19
;400x7Networks_RH_SomMot_20
;400x7Networks_RH_SomMot_21
;400x7Networks_RH_SomMot_22
;400x7Networks_RH_SomMot_23
;400x7Networks_RH_SomMot_24
;400x7Networks_RH_SomMot_25
;400x7Networks_RH_SomMot_26
;400x7Networks_RH_SomMot_27
;400x7Networks_RH_SomMot_28
;400x7Networks_RH_SomMot_29
;400x7Networks_RH_SomMot_30
;400x7Networks_RH_SomMot_31
;400x7Networks_RH_SomMot_32
;400x7Networks_RH_SomMot_33
;400x7Networks_RH_SomMot_34
;400x7Networks_RH_SomMot_35
;400x7Networks_RH_SomMot_36
;400x7Networks_RH_SomMot_37
;400x7Networks_RH_SomMot_38
;400x7Networks_RH_SomMot_39
;400x7Networks_RH_SomMot_40
;400x7Networks_RH_DorsAttn_Post_1
;400x7Networks_RH_DorsAttn_Post_2
;400x7Networks_RH_DorsAttn_Post_3
;400x7Networks_RH_DorsAttn_Post_4
;400x7Networks_RH_DorsAttn_Post_5
;400x7Networks_RH_DorsAttn_Post_6
;400x7Networks_RH_DorsAttn_Post_7
;400x7Networks_RH_DorsAttn_Post_8
;400x7Networks_RH_DorsAttn_Post_9
;400x7Networks_RH_DorsAttn_Post_10
;400x7Networks_RH_DorsAttn_Post_11
;400x7Networks_RH_DorsAttn_Post_12
;400x7Networks_RH_DorsAttn_Post_13
;400x7Networks_RH_DorsAttn_Post_14
;400x7Networks_RH_DorsAttn_Post_15
;400x7Networks_RH_DorsAttn_Post_16
;400x7Networks_RH_DorsAttn_Post_17
;400x7Networks_RH_DorsAttn_Post_18
;400x7Networks_RH_DorsAttn_Post_19
;400x7Networks_RH_DorsAttn_FEF_1
;400x7Networks_RH_DorsAttn_FEF_2
;400x7Networks_RH_DorsAttn_FEF_3
;400x7Networks_RH_DorsAttn_PrCv_1
;400x7Networks_RH_SalVentAttn_TempOccPar_1
;400x7Networks_RH_SalVentAttn_TempOccPar_2
;400x7Networks_RH_SalVentAttn_TempOccPar_3
;400x7Networks_RH_SalVentAttn_TempOccPar_4
;400x7Networks_RH_SalVentAttn_TempOccPar_5
;400x7Networks_RH_SalVentAttn_TempOccPar_6
;400x7Networks_RH_SalVentAttn_TempOccPar_7
;400x7Networks_RH_SalVentAttn_PrC_1
;400x7Networks_RH_SalVentAttn_FrOperIns_1
;400x7Networks_RH_SalVentAttn_FrOperIns_2
;400x7Networks_RH_SalVentAttn_FrOperIns_3
;400x7Networks_RH_SalVentAttn_FrOperIns_4
;400x7Networks_RH_SalVentAttn_FrOperIns_5
;400x7Networks_RH_SalVentAttn_FrOperIns_6
;400x7Networks_RH_SalVentAttn_FrOperIns_7
;400x7Networks_RH_SalVentAttn_FrOperIns_8
;400x7Networks_RH_SalVentAttn_PFCl_1
;400x7Networks_RH_SalVentAttn_Med_1
;400x7Networks_RH_SalVentAttn_Med_2
;400x7Networks_RH_SalVentAttn_Med_3
;400x7Networks_RH_SalVentAttn_Med_4
;400x7Networks_RH_SalVentAttn_Med_5
;400x7Networks_RH_SalVentAttn_Med_6
;400x7Networks_RH_SalVentAttn_Med_7
;400x7Networks_RH_SalVentAttn_Med_8
;400x7Networks_RH_Limbic_OFC_1
;400x7Networks_RH_Limbic_OFC_2
;400x7Networks_RH_Limbic_OFC_3
;400x7Networks_RH_Limbic_OFC_4
;400x7Networks_RH_Limbic_OFC_5
;400x7Networks_RH_Limbic_OFC_6
;400x7Networks_RH_Limbic_TempPole_1
;400x7Networks_RH_Limbic_TempPole_2
;400x7Networks_RH_Limbic_TempPole_3
;400x7Networks_RH_Limbic_TempPole_4
;400x7Networks_RH_Limbic_TempPole_5
;400x7Networks_RH_Limbic_TempPole_6
;400x7Networks_RH_Limbic_TempPole_7
;400x7Networks_RH_Cont_Par_1
;400x7Networks_RH_Cont_Par_2
;400x7Networks_RH_Cont_Par_3
;400x7Networks_RH_Cont_Par_4
;400x7Networks_RH_Cont_Par_5
;400x7Networks_RH_Cont_Par_6
;400x7Networks_RH_Cont_Temp_1
;400x7Networks_RH_Cont_Temp_2
;400x7Networks_RH_Cont_PFCv_1
;400x7Networks_RH_Cont_PFCl_1
;400x7Networks_RH_Cont_PFCl_2
;400x7Networks_RH_Cont_PFCl_3
;400x7Networks_RH_Cont_PFCl_4
;400x7Networks_RH_Cont_PFCl_5
;400x7Networks_RH_Cont_PFCl_6
;400x7Networks_RH_Cont_PFCl_7
;400x7Networks_RH_Cont_PFCl_8
;400x7Networks_RH_Cont_PFCl_9
;400x7Networks_RH_Cont_PFCl_10
;400x7Networks_RH_Cont_PFCl_11
;400x7Networks_RH_Cont_PFCl_12
;400x7Networks_RH_Cont_PFCl_13
;400x7Networks_RH_Cont_PFCl_14
;400x7Networks_RH_Cont_PFCl_15
;400x7Networks_RH_Cont_pCun_1
;400x7Networks_RH_Cont_pCun_2
;400x7Networks_RH_Cont_Cing_1
;400x7Networks_RH_Cont_Cing_2
;400x7Networks_RH_Cont_PFCmp_1
;400x7Networks_RH_Cont_PFCmp_2
;400x7Networks_RH_Default_Par_1
;400x7Networks_RH_Default_Par_2
;400x7Networks_RH_Default_Par_3
;400x7Networks_RH_Default_Par_4
;400x7Networks_RH_Default_Par_5
;400x7Networks_RH_Default_Temp_1
;400x7Networks_RH_Default_Temp_2
;400x7Networks_RH_Default_Temp_3
;400x7Networks_RH_Default_Temp_4
;400x7Networks_RH_Default_Temp_5
;400x7Networks_RH_Default_Temp_6
;400x7Networks_RH_Default_Temp_7
;400x7Networks_RH_Default_Temp_8
;400x7Networks_RH_Default_PFCv_1
;400x7Networks_RH_Default_PFCv_2
;400x7Networks_RH_Default_PFCv_3
;400x7Networks_RH_Default_PFCv_4
;400x7Networks_RH_Default_PFCdPFCm_1
;400x7Networks_RH_Default_PFCdPFCm_2
;400x7Networks_RH_Default_PFCdPFCm_3
;400x7Networks_RH_Default_PFCdPFCm_4
;400x7Networks_RH_Default_PFCdPFCm_5
;400x7Networks_RH_Default_PFCdPFCm_6
;400x7Networks_RH_Default_PFCdPFCm_7
;400x7Networks_RH_Default_PFCdPFCm_8
;400x7Networks_RH_Default_PFCdPFCm_9
;400x7Networks_RH_Default_PFCdPFCm_10
;400x7Networks_RH_Default_PFCdPFCm_11
;400x7Networks_RH_Default_PFCdPFCm_12
;400x7Networks_RH_Default_PFCdPFCm_13
;400x7Networks_RH_Default_pCunPCC_1
;400x7Networks_RH_Default_pCunPCC_2
;400x7Networks_RH_Default_pCunPCC_3
;400x7Networks_RH_Default_pCunPCC_4
;400x7Networks_RH_Default_pCunPCC_5
;400x7Networks_RH_Default_pCunPCC_6
;400x7Networks_RH_Default_pCunPCC_7
;400x7Networks_RH_Default_pCunPCC_8
;400x7Networks_RH_Default_pCunPCC_9
;HIP-rh
;AMY-rh
;pTHA-rh
;aTHA-rh
;NAc-rh
;GP-rh
;PUT-rh
;CAU-rh
;HIP-lh
;AMY-lh
;pTHA-lh
;aTHA-lh
;NAc-lh
;GP-lh
;PUT-lh
;CAU-lh
